date,adjclose
2016-07-05,177.5264
2016-07-06,178.5911
2016-07-07,178.4804
2016-07-08,181.1381
2016-07-11,181.7769
2016-07-12,183.0972
2016-07-13,183.0717
2016-07-14,184.0938
2016-07-15,183.8468
2016-07-18,184.3409
2016-07-19,184.1535
2016-07-20,184.9201
2016-07-21,184.2216
2016-07-22,185.0479
2016-07-25,184.5453
2016-07-26,184.6305
2016-07-27,184.4346
2016-07-28,184.6476
2016-07-29,184.9458
2016-08-01,184.7924
2016-08-02,183.6083
2016-08-03,184.145
2016-08-04,184.3409
2016-08-05,185.8486
2016-08-08,185.7379
2016-08-09,185.8486
2016-08-10,185.3886
2016-08-11,186.2489
2016-08-12,186.0871
2016-08-15,186.6237
2016-08-16,185.6612
2016-08-17,186.0104
2016-08-18,186.4278
2016-08-19,186.1553
2016-08-22,186.1467
2016-08-23,186.5215
2016-08-24,185.5675
2016-08-25,185.4398
2016-08-26,185.0905
2016-08-29,186.002
2016-08-30,185.6953
2016-08-31,185.1672
2016-09-01,185.1757
2016-09-02,186.0104
2016-09-06,186.5726
2016-09-07,186.5555
2016-09-08,186.1297
2016-09-09,181.6747
2016-09-12,184.2813
2016-09-13,181.6321
2016-09-14,181.5639
2016-09-15,183.3783
2016-09-16,182.6695
2016-09-19,182.7036
2016-09-20,182.7123
2016-09-21,184.767
2016-09-22,185.9313
2016-09-23,184.9126
2016-09-26,183.4143
2016-09-27,184.5529
2016-09-28,185.469
2016-09-29,183.791
2016-09-30,185.1779
2016-10-03,184.7327
2016-10-04,183.791
2016-10-05,184.6043
2016-10-06,184.7327
2016-10-07,184.0992
2016-10-10,185.0581
2016-10-11,182.7209
2016-10-12,182.9606
2016-10-13,182.3613
2016-10-14,182.4555
2016-10-17,181.8219
2016-10-18,182.9606
2016-10-19,183.4486
2016-10-20,183.1062
2016-10-21,183.1917
2016-10-24,183.9708
2016-10-25,183.3544
2016-10-26,182.9862
2016-10-27,182.4982
2016-10-28,181.9589
2016-10-31,181.9675
2016-11-01,180.6491
2016-11-02,179.5618
2016-11-03,178.7399
2016-11-04,178.543
2016-11-07,182.4811
2016-11-08,183.303
2016-11-09,185.2464
2016-11-10,185.7087
2016-11-11,185.2806
2016-11-14,185.4261
2016-11-15,186.873
2016-11-16,186.522
2016-11-17,187.4809
2016-11-18,187.0614
2016-11-21,188.474
2016-11-22,188.8421
2016-11-23,188.9448
2016-11-25,189.6468
2016-11-28,188.7565
2016-11-29,189.1246
2016-11-30,188.6709
2016-12-01,187.9774
2016-12-02,188.0715
2016-12-05,189.2017
2016-12-06,189.8009
2016-12-07,192.2837
2016-12-08,192.7545
2016-12-09,193.9189
2016-12-12,193.6963
2016-12-13,194.989
2016-12-14,193.3795
2016-12-15,194.1757
2016-12-16,193.7959
2016-12-19,194.2179
2016-12-20,194.9671
2016-12-21,194.4246
2016-12-22,194.0887
2016-12-23,194.3729
2016-12-27,194.8551
2016-12-28,193.2448
2016-12-29,193.2017
2016-12-30,192.4956
2017-01-03,193.9682
2017-01-04,195.1221
2017-01-05,194.9671
2017-01-06,195.6646
2017-01-09,195.0188
2017-01-10,195.0188
2017-01-11,195.5699
2017-01-12,195.0791
2017-01-13,195.5268
2017-01-17,194.8379
2017-01-18,195.2685
2017-01-19,194.5451
2017-01-20,195.2599
2017-01-23,194.7518
2017-01-24,196.0005
2017-01-25,197.697
2017-01-26,197.4903
2017-01-27,197.1803
2017-01-30,195.9574
2017-01-31,195.9402
2017-02-01,196.0177
2017-02-02,196.1469
2017-02-03,197.4989
2017-02-06,197.1458
2017-02-07,197.1545
2017-02-08,197.4128
2017-02-09,198.584
2017-02-10,199.3677
2017-02-13,200.4527
2017-02-14,201.2535
2017-02-15,202.3042
2017-02-16,202.132
2017-02-17,202.4506
2017-02-21,203.6562
2017-02-22,203.4754
2017-02-23,203.6132
2017-02-24,203.8715
2017-02-27,204.1902
2017-02-28,203.639
2017-03-01,206.4895
2017-03-02,205.1891
2017-03-03,205.3183
2017-03-06,204.7069
2017-03-07,204.0954
2017-03-08,203.7165
2017-03-09,203.9748
2017-03-10,204.6897
2017-03-13,204.793
2017-03-14,204.0093
2017-03-15,205.7747
2017-03-16,205.37
2017-03-17,205.0093
2017-03-20,204.7844
2017-03-21,202.1551
2017-03-22,202.6307
2017-03-23,202.4146
2017-03-24,202.2675
2017-03-27,202.0599
2017-03-28,203.5303
2017-03-29,203.7205
2017-03-30,204.3692
2017-03-31,203.8935
2017-04-03,203.539
2017-04-04,203.6687
2017-04-05,203.0632
2017-04-06,203.634
2017-04-07,203.4265
2017-04-10,203.5476
2017-04-11,203.3054
2017-04-12,202.4146
2017-04-13,201.0999
2017-04-17,202.8816
2017-04-18,202.2762
2017-04-19,201.9043
2017-04-20,203.5476
2017-04-21,202.8989
2017-04-24,205.1304
2017-04-25,206.324
2017-04-26,206.1942
2017-04-27,206.3672
2017-04-28,205.9174
2017-05-01,206.4364
2017-05-02,206.5142
2017-05-03,206.2634
2017-05-04,206.5055
2017-05-05,207.3186
2017-05-08,207.2839
2017-05-09,207.0937
2017-05-10,207.4656
2017-05-11,207.0418
2017-05-12,206.6958
2017-05-15,207.8376
2017-05-16,207.6472
2017-05-17,203.9627
2017-05-18,204.7844
2017-05-19,206.1163
2017-05-22,207.1629
2017-05-23,207.6213
2017-05-24,208.1056
2017-05-25,209.1003
2017-05-26,209.0571
2017-05-30,208.8754
2017-05-31,208.8235
2017-06-01,210.4841
2017-06-02,211.1847
2017-06-05,211.0291
2017-06-06,210.3544
2017-06-07,210.7436
2017-06-08,210.8473
2017-06-09,210.5274
2017-06-12,210.4841
2017-06-13,211.5134
2017-06-14,211.2452
2017-06-15,210.8387
2017-06-16,210.8848
2017-06-19,212.6405
2017-06-20,211.2063
2017-06-21,211.1543
2017-06-22,211.0586
2017-06-23,211.3107
2017-06-26,211.4497
2017-06-27,209.7462
2017-06-28,211.6236
2017-06-29,209.7636
2017-06-30,210.1547
2017-07-03,210.5111
2017-07-05,210.9978
2017-07-06,209.0684
2017-07-07,210.4242
2017-07-10,210.6502
2017-07-11,210.4937
2017-07-12,212.0755
2017-07-13,212.4319
2017-07-14,213.4227
2017-07-17,213.3966
2017-07-18,213.5096
2017-07-19,214.6655
2017-07-20,214.7611
2017-07-21,214.5699
2017-07-24,214.5177
2017-07-25,215.0392
2017-07-26,215.0479
2017-07-27,214.848
2017-07-28,214.596
2017-07-31,214.4743
2017-08-01,214.9523
2017-08-02,215.0567
2017-08-03,214.6395
2017-08-04,215.0305
2017-08-07,215.4303
2017-08-08,214.9002
2017-08-09,214.8915
2017-08-10,211.8582
2017-08-11,212.1711
2017-08-14,214.2744
2017-08-15,214.2483
2017-08-16,214.622
2017-08-17,211.276
2017-08-18,210.9456
2017-08-21,211.1108
2017-08-22,213.3184
2017-08-23,212.5535
2017-08-24,212.0582
2017-08-25,212.5535
2017-08-28,212.5622
2017-08-29,212.8056
2017-08-30,213.8138
2017-08-31,215.1001
2017-09-01,215.4043
2017-09-05,213.8572
2017-09-06,214.5873
2017-09-07,214.5612
2017-09-08,214.3092
2017-09-11,216.595
2017-09-12,217.3251
2017-09-13,217.4294
2017-09-14,217.3598
2017-09-15,217.6524
2017-09-18,218.1154
2017-09-19,218.3337
2017-09-20,218.4123
2017-09-21,217.8271
2017-09-22,217.8708
2017-09-25,217.4253
2017-09-26,217.5564
2017-09-27,218.4036
2017-09-28,218.6656
2017-09-29,219.4342
2017-10-02,220.3863
2017-10-03,220.858
2017-10-04,221.1199
2017-10-05,222.4302
2017-10-06,222.1768
2017-10-09,221.81
2017-10-10,222.3952
2017-10-11,222.7446
2017-10-12,222.4126
2017-10-13,222.6834
2017-10-16,222.9804
2017-10-17,223.1376
2017-10-18,223.356
2017-10-19,223.4171
2017-10-20,224.5701
2017-10-23,223.6966
2017-10-24,224.0897
2017-10-25,222.9804
2017-10-26,223.2686
2017-10-27,225.0941
2017-10-30,224.2556
2017-10-31,224.605
2017-11-01,224.9019
2017-11-02,224.9893
2017-11-03,225.7405
2017-11-06,226.0898
2017-11-07,225.9326
2017-11-08,226.3169
2017-11-09,225.4959
2017-11-10,225.426
2017-11-13,225.6356
2017-11-14,225.1116
2017-11-15,223.9849
2017-11-16,225.889
2017-11-17,225.2251
2017-11-20,225.6094
2017-11-21,227.0856
2017-11-22,226.8847
2017-11-24,227.4087
2017-11-27,227.2952
2017-11-28,229.601
2017-11-29,229.4613
2017-11-30,231.4703
2017-12-01,230.9899
2017-12-04,230.7103
2017-12-05,229.8806
2017-12-06,229.9242
2017-12-07,230.6492
2017-12-08,231.9069
2017-12-11,232.6057
2017-12-12,233.0162
2017-12-13,232.99
2017-12-14,232.0379
2017-12-15,233.9702
2017-12-18,235.4539
2017-12-19,234.5497
2017-12-20,234.4267
2017-12-21,234.9096
2017-12-22,234.8482
2017-12-26,234.5672
2017-12-27,234.6814
2017-12-28,235.1642
2017-12-29,234.2775
2018-01-02,235.9543
2018-01-03,237.4468
2018-01-04,238.4475
2018-01-05,240.0366
2018-01-08,240.4756
2018-01-09,241.0198
2018-01-10,240.6511
2018-01-11,242.4069
2018-01-12,243.9871
2018-01-16,243.1532
2018-01-17,245.4708
2018-01-18,245.0582
2018-01-19,246.173
2018-01-22,248.1747
2018-01-23,248.7014
2018-01-24,248.6049
2018-01-25,248.7102
2018-01-26,251.5897
2018-01-29,249.9218
2018-01-30,247.3583
2018-01-31,247.4811
2018-02-01,247.2003
2018-02-02,241.8187
2018-02-05,231.7053
2018-02-06,236.2703
2018-02-07,234.9887
2018-02-08,226.1745
2018-02-09,229.5719
2018-02-12,232.9431
2018-02-13,233.5225
2018-02-14,236.6741
2018-02-15,239.6942
2018-02-16,239.7644
2018-02-20,238.2631
2018-02-21,237.078
2018-02-22,237.3853
2018-02-23,241.169
2018-02-26,243.9696
2018-02-27,240.9232
2018-02-28,238.4827
2018-03-01,235.0149
2018-03-02,236.2265
2018-03-05,238.9567
2018-03-06,239.5625
2018-03-07,239.4747
2018-03-08,240.6335
2018-03-09,244.8211
2018-03-12,244.5138
2018-03-13,242.9336
2018-03-14,241.6871
2018-03-15,241.4236
2018-03-16,241.6855
2018-03-19,238.4154
2018-03-20,238.8208
2018-03-21,238.3624
2018-03-22,232.4041
2018-03-23,227.4505
2018-03-26,233.6733
2018-03-27,229.6981
2018-03-28,229.0194
2018-03-29,231.9457
2018-04-02,226.9393
2018-04-03,229.8479
2018-04-04,232.3071
2018-04-05,234.1405
2018-04-06,228.9224
2018-04-09,230.0506
2018-04-10,233.7086
2018-04-11,232.4834
2018-04-12,234.3961
2018-04-13,233.7086
2018-04-16,235.6301
2018-04-17,238.1509
2018-04-18,238.3273
2018-04-19,237.0051
2018-04-20,234.9955
2018-04-23,234.9602
2018-04-24,231.7959
2018-04-25,232.3688
2018-04-26,234.731
2018-04-27,234.9514
2018-04-30,233.1445
2018-05-01,233.5587
2018-05-02,231.9898
2018-05-03,231.4786
2018-05-04,234.4754
2018-05-07,235.2687
2018-05-08,235.2687
2018-05-09,237.5427
2018-05-10,239.764
2018-05-11,240.4955
2018-05-14,240.6101
2018-05-15,238.953
2018-05-16,239.9579
2018-05-17,239.7551
2018-05-18,239.1557
2018-05-21,240.9539
2018-05-22,240.2839
2018-05-23,240.9451
2018-05-24,240.4514
2018-05-25,239.8786
2018-05-29,237.1197
2018-05-30,240.2839
2018-05-31,238.812
2018-06-01,241.1566
2018-06-04,242.3024
2018-06-05,242.4787
2018-06-06,244.506
2018-06-07,244.4796
2018-06-08,245.2023
2018-06-11,245.5284
2018-06-12,245.8457
2018-06-13,245.0613
2018-06-14,245.6783
2018-06-15,245.3648
2018-06-18,244.8602
2018-06-19,243.9217
2018-06-20,244.3378
2018-06-21,242.8061
2018-06-22,243.2489
2018-06-25,239.9375
2018-06-26,240.4687
2018-06-27,238.4766
2018-06-28,239.8401
2018-06-29,240.1854
2018-07-02,240.6989
2018-07-03,239.8489
2018-07-05,241.8056
2018-07-06,243.8509
2018-07-09,246.0466
2018-07-10,246.9319
2018-07-11,245.1258
2018-07-12,247.3481
2018-07-13,247.5429
2018-07-16,247.3215
2018-07-17,248.322
2018-07-18,248.8443
2018-07-19,247.9059
2018-07-20,247.6225
2018-07-23,248.083
2018-07-24,249.3313
2018-07-25,251.4563
2018-07-26,250.863
2018-07-27,249.1631
2018-07-30,247.8616
2018-07-31,249.0834
2018-08-01,248.6673
2018-08-02,250.0219
2018-08-03,251.0933
2018-08-06,252.014
2018-08-07,252.8463
2018-08-08,252.7401
2018-08-09,252.3947
2018-08-10,250.7037
2018-08-13,249.7652
2018-08-14,251.3588
2018-08-15,249.4818
2018-08-16,251.5005
2018-08-17,252.3859
2018-08-20,252.926
2018-08-21,253.5192
2018-08-22,253.3687
2018-08-23,253.0323
2018-08-24,254.5551
2018-08-27,256.5648
2018-08-28,256.6888
2018-08-29,258.0701
2018-08-30,257.0253
2018-08-31,257.0341
2018-09-04,256.5914
2018-09-05,255.9009
2018-09-06,255.1306
2018-09-07,254.6348
2018-09-10,255.0774
2018-09-11,255.9185
2018-09-12,255.9805
2018-09-13,257.4945
2018-09-14,257.5388
2018-09-17,256.1753
2018-09-18,257.5654
2018-09-19,257.8399
2018-09-20,259.9294
2018-09-21,259.6917
2018-09-24,258.8292
2018-09-25,258.589
2018-09-26,257.8152
2018-09-27,258.5356
2018-09-28,258.5623
2018-10-01,259.4605
2018-10-02,259.3094
2018-10-03,259.4517
2018-10-04,257.4239
2018-10-05,255.9831
2018-10-08,255.9831
2018-10-09,255.6095
2018-10-10,247.5162
2018-10-11,242.0642
2018-10-12,245.4261
2018-10-15,244.0475
2018-10-16,249.3838
2018-10-17,249.4283
2018-10-18,245.8263
2018-10-19,245.6928
2018-10-22,244.5901
2018-10-23,243.3448
2018-10-24,235.972
2018-10-25,240.2054
2018-10-26,235.9809
2018-10-29,234.6734
2018-10-30,238.1509
2018-10-31,240.6945
2018-11-01,243.2559
2018-11-02,241.8152
2018-11-05,243.1493
2018-11-06,244.6879
2018-11-07,249.9264
2018-11-08,249.4728
2018-11-09,247.0359
2018-11-12,242.4199
2018-11-13,241.9664
2018-11-14,240.3121
2018-11-15,242.8201
2018-11-16,243.4516
2018-11-19,239.3338
2018-11-20,234.9046
2018-11-21,235.7051
2018-11-23,234.1309
2018-11-26,237.9108
2018-11-27,238.7113
2018-11-28,244.2076
2018-11-29,243.674
2018-11-30,245.1593
2018-12-03,248.4055
2018-12-04,240.3565
2018-12-06,239.9919
2018-12-07,234.4155
2018-12-10,234.8602
2018-12-11,234.9135
2018-12-12,236.0963
2018-12-13,236.0164
2018-12-14,231.6584
2018-12-17,227.1136
2018-12-18,226.8646
2018-12-19,223.4672
2018-12-20,219.8296
2018-12-21,215.3253
2018-12-24,209.6358
2018-12-26,220.2276
2018-12-27,221.9184
2018-12-28,221.6321
2018-12-31,223.5734
2019-01-02,223.8059
2019-01-03,218.4654
2019-01-04,225.783
2019-01-07,227.5632
2019-01-08,229.7012
2019-01-09,230.7747
2019-01-10,231.5888
2019-01-11,231.6783
2019-01-14,230.2648
2019-01-15,232.9038
2019-01-16,233.4674
2019-01-17,235.2386
2019-01-18,238.3697
2019-01-22,235.1492
2019-01-23,235.6413
2019-01-24,235.7664
2019-01-25,237.7614
2019-01-28,235.9543
2019-01-29,235.6413
2019-01-30,239.3716
2019-01-31,241.4739
2019-02-01,241.5902
2019-02-04,243.2899
2019-02-05,244.3097
2019-02-06,243.9877
2019-02-07,241.6618
2019-02-08,241.957
2019-02-11,242.0911
2019-02-12,245.2044
2019-02-13,246.0004
2019-02-14,245.4548
2019-02-15,248.1296
2019-02-19,248.559
2019-02-20,249.06
2019-02-21,248.1743
2019-02-22,249.713
2019-02-25,250.053
2019-02-26,249.874
2019-02-27,249.7667
2019-02-28,249.3015
2019-03-01,250.858
2019-03-04,249.9455
2019-03-05,249.6057
2019-03-06,248.0938
2019-03-07,246.0184
2019-03-08,245.5263
2019-03-11,249.0868
2019-03-12,250.0261
2019-03-13,251.681
2019-03-14,251.5201
2019-03-15,252.7627
2019-03-18,253.6792
2019-03-19,253.7421
2019-03-20,252.9783
2019-03-21,255.8356
2019-03-22,250.9117
2019-03-25,250.7231
2019-03-26,252.592
2019-03-27,251.2712
2019-03-28,252.2235
2019-03-29,253.8139
2019-04-01,256.8239
2019-04-02,256.9498
2019-04-03,257.3541
2019-04-04,258.037
2019-04-05,259.286
2019-04-08,259.4836
2019-04-09,258.1539
2019-04-10,259.0344
2019-04-11,258.9624
2019-04-12,260.7147
2019-04-15,260.5439
2019-04-16,260.7147
2019-04-17,260.0767
2019-04-18,260.5888
2019-04-22,260.8134
2019-04-23,263.1586
2019-04-24,262.5745
2019-04-25,262.4127
2019-04-26,263.6348
2019-04-29,264.0481
2019-04-30,264.1829
2019-05-01,262.1972
2019-05-02,261.6311
2019-05-03,264.1918
2019-05-06,263.1046
2019-05-07,258.7108
2019-05-08,258.3516
2019-05-09,257.5697
2019-05-10,258.8637
2019-05-13,252.3583
2019-05-14,254.6405
2019-05-15,256.1321
2019-05-16,258.5042
2019-05-17,256.8329
2019-05-20,255.1348
2019-05-21,257.435
2019-05-22,256.6443
2019-05-23,253.5085
2019-05-24,254.0835
2019-05-28,251.7205
2019-05-29,250.0312
2019-05-30,250.714
2019-05-31,247.3356
2019-06-03,246.7066
2019-06-04,252.0618
2019-06-05,254.2453
2019-06-06,255.8986
2019-06-07,258.4594
2019-06-10,259.6454
2019-06-11,259.5825
2019-06-12,259.1243
2019-06-13,260.1935
2019-06-14,259.906
2019-06-17,260.0047
2019-06-18,262.7273
2019-06-19,263.3203
2019-06-20,265.8362
2019-06-21,265.4498
2019-06-24,265.1247
2019-06-25,262.5243
2019-06-26,262.2626
2019-06-27,263.1924
2019-06-28,264.5468
2019-07-01,266.9486
2019-07-02,267.6438
2019-07-03,269.7835
2019-07-05,269.4765
2019-07-08,267.9958
2019-07-09,268.3298
2019-07-10,269.6121
2019-07-11,270.244
2019-07-12,271.454
2019-07-15,271.5442
2019-07-16,270.6684
2019-07-17,268.8265
2019-07-18,269.8107
2019-07-19,268.3119
2019-07-22,268.971
2019-07-23,270.8942
2019-07-24,272.1672
2019-07-25,270.8671
2019-07-26,272.6819
2019-07-29,272.1853
2019-07-30,271.5171
2019-07-31,268.5465
2019-08-01,266.2082
2019-08-02,264.2037
2019-08-05,256.2583
2019-08-06,259.8517
2019-08-07,260.0053
2019-08-08,265.1066
2019-08-09,263.3008
2019-08-12,260.0956
2019-08-13,264.1405
2019-08-14,256.3305
2019-08-15,257.0077
2019-08-16,260.7998
2019-08-19,263.9419
2019-08-20,261.9195
2019-08-21,264.0502
2019-08-22,263.969
2019-08-23,257.1883
2019-08-26,260.0324
2019-08-27,259.0121
2019-08-28,260.836
2019-08-29,264.1676
2019-08-30,264.0502
2019-09-03,262.5063
2019-09-04,265.4859
2019-09-05,268.8989
2019-09-06,269.1065
2019-09-09,269.2419
2019-09-10,269.1786
2019-09-11,271.0928
2019-09-12,272.0318
2019-09-13,271.8512
2019-09-16,271.0115
2019-09-17,271.6977
2019-09-18,271.8603
2019-09-19,271.8422
2019-09-20,270.5578
2019-09-23,270.4943
2019-09-24,268.3718
2019-09-25,269.9592
2019-09-26,269.3967
2019-09-27,267.9455
2019-09-30,269.1881
2019-10-01,265.9862
2019-10-02,261.2876
2019-10-03,263.4283
2019-10-04,266.9931
2019-10-07,265.8411
2019-10-08,261.714
2019-10-09,264.1992
2019-10-10,265.9862
2019-10-11,268.7437
2019-10-14,268.4443
2019-10-15,271.102
2019-10-16,270.6667
2019-10-17,271.4648
2019-10-18,270.2766
2019-10-21,272.1089
2019-10-22,271.22
2019-10-23,272.0091
2019-10-24,272.4536
2019-10-25,273.5693
2019-10-28,275.1112
2019-10-29,275.0295
2019-10-30,275.8732
2019-10-31,275.1384
2019-11-01,277.6873
2019-11-04,278.8029
2019-11-05,278.4946
2019-11-06,278.558
2019-11-07,279.5377
2019-11-08,280.2271
2019-11-11,279.6919
2019-11-12,280.2815
2019-11-13,280.3722
2019-11-14,280.7803
2019-11-15,282.8121
2019-11-18,283.0209
2019-11-19,282.9391
2019-11-20,281.887
2019-11-21,281.4334
2019-11-22,282.0593
2019-11-25,284.2454
2019-11-26,284.8893
2019-11-27,286.1592
2019-11-29,285.098
2019-12-02,282.6762
2019-12-03,280.7803
2019-12-04,282.5128
2019-12-05,283.0209
2019-12-06,285.6059
2019-12-09,284.7079
2019-12-10,284.3904
2019-12-11,285.1978
2019-12-12,287.6559
2019-12-13,287.8282
2019-12-16,289.8056
2019-12-17,289.8692
2019-12-18,289.8872
2019-12-19,291.0755
2019-12-20,292.3517
2019-12-23,292.7982
2019-12-24,292.8074
2019-12-26,294.3661
2019-12-27,294.2931
2019-12-30,292.6707
2019-12-31,293.3816
2020-01-02,296.1252
2020-01-03,293.883
2020-01-06,295.0041
2020-01-07,294.1746
2020-01-08,295.7425
2020-01-09,297.7477
2020-01-10,296.8909
2020-01-13,298.9328
2020-01-14,298.477
2020-01-15,299.1515
2020-01-16,301.64
2020-01-17,302.5789
2020-01-21,301.9865
2020-01-22,302.0229
2020-01-23,302.3692
2020-01-24,299.6803
2020-01-27,294.8766
2020-01-28,297.9666
2020-01-29,297.7205
2020-01-30,298.6866
2020-01-31,293.2632
2020-02-03,295.4417
2020-02-04,299.9445
2020-02-05,303.4084
2020-02-06,304.4292
2020-02-07,302.8067
2020-02-10,305.0674
2020-02-11,305.596
2020-02-12,307.5649
2020-02-13,307.2368
2020-02-14,307.7289
2020-02-18,306.9359
2020-02-19,308.4035
2020-02-20,307.1364
2020-02-21,303.9735
2020-02-24,293.892
2020-02-25,284.9865
2020-02-26,283.9383
2020-02-27,271.1862
2020-02-28,270.0468
2020-03-02,281.7415
2020-03-03,273.6747
2020-03-04,285.1779
2020-03-05,275.6981
2020-03-06,271.1406
2020-03-09,249.9659
2020-03-10,262.9004
2020-03-11,250.0844
2020-03-12,226.1571
2020-03-13,245.4905
2020-03-16,218.6279
2020-03-17,230.4321
2020-03-18,218.7646
2020-03-19,219.2295
2020-03-20,209.782
2020-03-23,204.4183
2020-03-24,222.9392
2020-03-25,226.2766
2020-03-26,239.4889
2020-03-27,232.3556
2020-03-30,239.9014
2020-03-31,236.3257
2020-04-01,225.6899
2020-04-02,230.8977
2020-04-03,227.5603
2020-04-06,242.8447
2020-04-07,243.0922
2020-04-08,251.2525
2020-04-09,255.0759
2020-04-13,252.7469
2020-04-14,260.2012
2020-04-15,254.6723
2020-04-16,255.901
2020-04-17,262.8143
2020-04-20,258.184
2020-04-21,250.3448
2020-04-22,255.901
2020-04-23,255.8827
2020-04-24,259.4494
2020-04-27,263.1902
2020-04-28,261.9799
2020-04-29,268.8382
2020-04-30,266.3351
2020-05-01,259.2844
2020-05-04,259.9995
2020-05-05,262.4016
2020-05-06,260.623
2020-05-07,263.7678
2020-05-08,268.1322
2020-05-11,268.1872
2020-05-12,262.8419
2020-05-13,258.1932
2020-05-14,261.2831
2020-05-15,262.4842
2020-05-18,270.4794
2020-05-19,267.7013
2020-05-20,272.2491
2020-05-21,270.3695
2020-05-22,270.8828
2020-05-26,274.2203
2020-05-27,278.3004
2020-05-28,277.787
2020-05-29,279.0247
2020-06-01,280.1525
2020-06-02,282.4722
2020-06-03,286.2314
2020-06-04,285.4796
2020-06-05,292.7962
2020-06-08,296.3354
2020-06-09,294.1257
2020-06-10,292.4845
2020-06-11,275.623
2020-06-12,278.9239
2020-06-15,281.5278
2020-06-16,286.9466
2020-06-17,285.7545
2020-06-18,285.8647
2020-06-19,284.2309
2020-06-22,286.0544
2020-06-23,287.3712
2020-06-24,280.0408
2020-06-25,283.043
2020-06-26,276.3203
2020-06-29,280.3815
2020-06-30,283.9731
2020-07-01,285.9622
2020-07-02,287.537
2020-07-06,291.9757
2020-07-07,288.9644
2020-07-08,291.1746
2020-07-09,289.5169
2020-07-10,292.4731
2020-07-13,289.9406
2020-07-14,293.6979
2020-07-15,296.3963
2020-07-16,295.42
2020-07-17,296.2764
2020-07-20,298.6709
2020-07-21,299.3063
2020-07-22,301.01
2020-07-23,297.4183
2020-07-24,295.503
2020-07-27,297.6579
2020-07-28,295.77
2020-07-29,299.4076
2020-07-30,298.3394
2020-07-31,300.6968
2020-08-03,302.7874
2020-08-04,303.9568
2020-08-05,305.8448
2020-08-06,307.8892
2020-08-07,308.1103
2020-08-10,309.0312
2020-08-11,306.4803
2020-08-12,310.7533
2020-08-13,310.1916
2020-08-14,310.2007
2020-08-17,311.1861
2020-08-18,311.8583
2020-08-19,310.5598
2020-08-20,311.5268
2020-08-21,312.6319
2020-08-24,315.7999
2020-08-25,316.905
2020-08-26,320.0822
2020-08-27,320.7821
2020-08-28,322.8541
2020-08-31,321.6845
2020-09-01,324.7143
2020-09-02,329.4109
2020-09-03,318.0745
2020-09-04,315.4775
2020-09-08,306.8578
2020-09-09,312.9174
2020-09-10,307.4841
2020-09-11,307.6406
2020-09-14,311.6926
2020-09-15,313.2674
2020-09-16,312.0242
2020-09-17,309.2798
2020-09-18,305.7192
2020-09-21,302.3166
2020-09-22,305.3955
2020-09-23,298.3131
2020-09-24,299.1082
2020-09-25,303.944
2020-09-28,308.9923
2020-09-29,307.3096
2020-09-30,309.6396
2020-10-01,311.6273
2020-10-02,308.6687
2020-10-05,314.1423
2020-10-06,309.6764
2020-10-07,315.0668
2020-10-08,317.8591
2020-10-09,320.6977
2020-10-12,325.857
2020-10-13,323.7304
2020-10-14,321.6962
2020-10-15,321.2987
2020-10-16,321.1045
2020-10-19,316.2226
2020-10-20,317.4893
2020-10-21,316.8884
2020-10-22,318.6266
2020-10-23,319.7084
2020-10-26,313.8002
2020-10-27,312.7184
2020-10-28,302.03
2020-10-29,305.0997
2020-10-30,301.9191
2020-11-02,305.3032
2020-11-03,310.6935
2020-11-04,317.6373
2020-11-05,323.8321
2020-11-06,323.7581
2020-11-09,327.8264
2020-11-10,327.3456
2020-11-11,329.7773
2020-11-12,326.5782
2020-11-13,331.0995
2020-11-16,335.2324
2020-11-17,333.4295
2020-11-18,329.4167
2020-11-19,330.8036
2020-11-20,328.5383
2020-11-23,330.5077
2020-11-24,335.8335
2020-11-25,335.3156
2020-11-27,336.2496
2020-11-30,334.7609
2020-12-01,338.4223
2020-12-02,339.1343
2020-12-03,339.0417
2020-12-04,341.9635
2020-12-07,341.2608
2020-12-08,342.2593
2020-12-09,339.1896
2020-12-10,339.0788
2020-12-11,338.6811
2020-12-14,337.1648
2020-12-15,341.7231
2020-12-16,342.2593
2020-12-17,344.1733
2020-12-18,342.799
2020-12-21,341.5734
2020-12-22,340.9977
2020-12-23,341.3041
2020-12-24,342.6319
2020-12-28,345.5754
2020-12-29,344.9161
2020-12-30,345.4082
2020-12-31,347.1632
2021-01-04,342.4369
2021-01-05,344.7954
2021-01-06,346.8568
2021-01-07,352.0102
2021-01-08,354.0159
2021-01-11,351.6295
2021-01-12,351.7038
2021-01-13,352.6509
2021-01-14,351.416
2021-01-15,348.8531
2021-01-19,351.5923
2021-01-20,356.4579
2021-01-21,356.7829
2021-01-22,355.5201
2021-01-25,356.9222
2021-01-26,356.365
2021-01-27,347.6554
2021-01-28,350.6453
2021-01-29,343.6254
2021-02-01,349.3453
2021-02-02,354.2851
2021-02-03,354.5637
2021-02-04,358.5936
2021-02-05,360.0049
2021-02-08,362.6049
2021-02-09,362.3634
2021-02-10,362.2055
2021-02-11,362.7906
2021-02-12,364.5826
2021-02-16,364.2669
2021-02-17,364.3506
2021-02-18,362.7998
2021-02-19,362.1591
2021-02-22,359.3735
2021-02-23,359.81
2021-02-24,363.7748
2021-02-25,355.0093
2021-02-26,353.1801
2021-03-01,361.7413
2021-03-02,358.9185
2021-03-03,354.1645
2021-03-04,349.7817
2021-03-05,356.2164
2021-03-08,354.443
2021-03-09,359.5035
2021-03-10,361.7413
2021-03-11,365.409
2021-03-12,365.9012
2021-03-15,368.0833
2021-03-16,367.619
2021-03-17,368.8725
2021-03-18,363.5056
2021-03-19,362.8329
2021-03-22,365.7301
2021-03-23,362.8516
2021-03-24,361.0071
2021-03-25,363.038
2021-03-26,368.8882
2021-03-29,368.702
2021-03-30,367.7238
2021-03-31,369.2144
2021-04-01,373.2015
2021-04-05,378.558
2021-04-06,378.3345
2021-04-07,378.7724
2021-04-08,380.5703
2021-04-09,383.337
2021-04-12,383.4768
2021-04-13,384.6133
2021-04-14,383.2999
2021-04-15,387.4174
2021-04-16,388.7123
2021-04-19,386.8026
2021-04-20,383.9706
2021-04-21,387.6038
2021-04-22,384.0637
2021-04-23,388.2279
2021-04-26,389.0384
2021-04-27,388.9546
2021-04-28,388.8427
2021-04-29,391.3208
2021-04-30,388.7496
2021-05-03,389.588
2021-05-04,387.1845
2021-05-05,387.3057
2021-05-06,390.3985
2021-05-07,393.2398
2021-05-10,389.3458
2021-05-11,385.871
2021-05-12,377.673
2021-05-13,382.2099
2021-05-14,388.0789
2021-05-17,387.0913
2021-05-18,383.7563
2021-05-19,382.7502
2021-05-20,386.8677
2021-05-21,386.551
2021-05-24,390.4917
2021-05-25,389.6253
2021-05-26,390.3985
2021-05-27,390.6034
2021-05-28,391.3021
2021-06-01,390.9574
2021-06-02,391.5723
2021-06-03,390.119
2021-06-04,393.687
2021-06-07,393.3051
2021-06-08,393.3889
2021-06-09,392.802
2021-06-10,394.6278
2021-06-11,395.28
2021-06-14,396.165
2021-06-15,395.4384
2021-06-16,393.2304
2021-06-17,393.1001
2021-06-18,387.797
2021-06-21,393.3487
2021-06-22,395.4516
2021-06-23,394.975
2021-06-24,397.3115
2021-06-25,398.7229
2021-06-28,399.5266
2021-06-29,399.7416
2021-06-30,400.078
2021-07-01,402.2931
2021-07-02,405.368
2021-07-06,404.6296
2021-07-07,406.0597
2021-07-08,402.7511
2021-07-09,407.0503
2021-07-12,408.5083
2021-07-13,407.1158
2021-07-14,407.7234
2021-07-15,406.3307
2021-07-16,403.1436
2021-07-19,397.1901
2021-07-20,402.8819
2021-07-21,406.1438
2021-07-22,406.9944
2021-07-23,411.1814
2021-07-26,412.1909
2021-07-27,410.3122
2021-07-28,410.144
2021-07-29,411.845
2021-07-30,409.8449
2021-08-02,408.985
2021-08-03,412.3123
2021-08-04,410.2841
2021-08-05,412.8824
2021-08-06,413.5647
2021-08-09,413.2283
2021-08-10,413.7423
2021-08-11,414.7704
2021-08-12,416.0135
2021-08-13,416.7706
2021-08-16,417.7519
2021-08-17,415.0135
2021-08-18,410.4712
2021-08-19,411.1067
2021-08-20,414.3779
2021-08-23,418.0229
2021-08-24,418.6865
2021-08-25,419.5651
2021-08-26,417.0883
2021-08-27,420.8175
2021-08-30,422.6681
2021-08-31,422.0418
2021-09-01,422.2662
2021-09-02,423.5653
2021-09-03,423.4625
2021-09-07,421.9485
2021-09-08,421.4344
2021-09-09,419.6305
2021-09-10,416.3219
2021-09-13,417.3874
2021-09-14,415.1349
2021-09-15,418.6024
2021-09-16,417.9388
2021-09-17,413.8677
2021-09-20,406.9668
2021-09-21,406.5823
2021-09-22,410.5485
2021-09-23,415.5366
2021-09-24,416.2211
2021-09-27,415.0303
2021-09-28,406.6667
2021-09-29,407.3512
2021-09-30,402.3724
2021-10-01,407.1542
2021-10-04,401.9037
2021-10-05,406.0854
2021-10-06,407.7731
2021-10-07,411.2986
2021-10-08,410.5485
2021-10-11,407.5762
2021-10-12,406.5729
2021-10-13,408.0357
2021-10-14,414.899
2021-10-15,418.0589
2021-10-18,419.2966
2021-10-19,422.5313
2021-10-20,424.1909
2021-10-21,425.2973
2021-10-22,424.8566
2021-10-25,427.1351
2021-10-26,427.5195
2021-10-27,425.6255
2021-10-28,429.7323
2021-10-29,430.6042
2021-11-01,431.345
2021-11-02,433.089
2021-11-03,435.7332
2021-11-04,437.7865
2021-11-05,439.3054
2021-11-08,439.6805
2021-11-09,438.2271
2021-11-10,434.7017
2021-11-11,434.8423
2021-11-12,438.124
2021-11-15,438.2741
2021-11-16,440.0086
2021-11-17,438.9398
2021-11-18,440.4306
2021-11-19,439.643
2021-11-22,438.4053
2021-11-23,438.9866
2021-11-24,440.1587
2021-11-26,430.3418
2021-11-29,435.6206
2021-11-30,427.1444
2021-12-01,422.4
2021-12-02,428.8697
2021-12-03,425.1379
2021-12-06,430.173
2021-12-07,439.071
2021-12-08,440.2336
2021-12-09,437.2614
2021-12-10,441.3775
2021-12-13,437.4677
2021-12-14,434.4579
2021-12-15,441.2464
2021-12-16,437.3552
2021-12-17,432.7004
2021-12-20,428.0994
2021-12-21,435.702
2021-12-22,440.0585
2021-12-23,442.7965
2021-12-27,449.0631
2021-12-28,448.6961
2021-12-29,449.2701
2021-12-30,448.028
2021-12-31,446.8989
2022-01-03,449.4865
2022-01-04,449.3358
2022-01-05,440.7076
2022-01-06,440.2937
2022-01-07,438.553
2022-01-10,438.0072
2022-01-11,441.9967
2022-01-12,443.1918
2022-01-13,437.0851
2022-01-14,437.264
2022-01-18,429.5202
2022-01-19,425.0601
2022-01-20,420.3556
2022-01-21,412.1037
2022-01-24,413.8538
2022-01-25,408.8011
2022-01-26,407.7756
2022-01-27,405.7619
2022-01-28,415.8392
2022-01-31,423.3289
2022-02-01,426.1893
2022-02-02,430.3294
2022-02-03,420.2145
2022-02-04,422.1905
2022-02-07,420.8355
2022-02-08,424.298
2022-02-09,430.5081
2022-02-10,422.7738
2022-02-11,414.4372
2022-02-14,413.0823
2022-02-15,419.744
2022-02-16,420.2145
2022-02-17,411.238
2022-02-18,408.5752
2022-02-22,404.1906
2022-02-23,397.0208
2022-02-24,402.9956
2022-02-25,411.8873
2022-02-28,410.8335
2022-03-01,404.5764
2022-03-02,412.0191
2022-03-03,409.9678
2022-03-04,406.637
2022-03-07,394.6497
2022-03-08,391.6576
2022-03-09,402.1583
2022-03-10,400.3423
2022-03-11,395.2519
2022-03-14,392.3632
2022-03-15,400.9915
2022-03-16,409.8831
2022-03-17,415.0111
2022-03-18,419.5568
2022-03-21,419.434
2022-03-22,424.3419
2022-03-23,418.8771
2022-03-24,425.1915
2022-03-25,427.2679
2022-03-28,430.307
2022-03-29,435.6304
2022-03-30,432.9404
2022-03-31,426.2769
2022-04-01,427.485
2022-04-04,431.147
2022-04-05,425.7011
2022-04-06,421.4444
2022-04-07,423.568
2022-04-08,422.4354
2022-04-11,415.2151
2022-04-12,413.6766
2022-04-13,418.4146
2022-04-14,413.2047
2022-04-18,413.3746
2022-04-19,420.0475
2022-04-20,419.7361
2022-04-21,413.4595
2022-04-22,402.1146
2022-04-25,404.4458
2022-04-26,392.7328
2022-04-27,393.837
2022-04-28,403.7852
2022-04-29,388.863
2022-05-02,391.2037
2022-05-03,392.997
2022-05-04,404.965
2022-05-05,390.5714
2022-05-06,388.2401
2022-05-09,375.8097
2022-05-10,376.678
2022-05-11,370.694
2022-05-12,370.307
2022-05-13,379.1602
2022-05-16,377.6219
2022-05-17,385.3896
2022-05-18,369.8539
2022-05-19,367.5888
2022-05-20,367.7492
2022-05-23,374.6299
2022-05-24,371.77
2022-05-25,375.0545
2022-05-26,382.5487
2022-05-27,391.9399
2022-05-31,389.7407
2022-06-01,386.5883
2022-06-02,393.9503
2022-06-03,387.485
2022-06-06,388.6648
2022-06-07,392.3929
2022-06-08,388.1268
2022-06-09,378.896
2022-06-10,367.9097
2022-06-13,353.9408
2022-06-14,352.8743
2022-06-15,357.905
2022-06-16,346.0598
2022-06-17,346.8057
2022-06-21,355.5361
2022-06-22,354.8914
2022-06-23,358.3704
2022-06-24,369.7643
2022-06-27,368.352
2022-06-28,360.8256
2022-06-29,360.5316
2022-06-30,357.6026
2022-07-01,361.3848
2022-07-05,362.0672
2022-07-06,363.2901
2022-07-07,368.7311
2022-07-08,368.4279
2022-07-11,364.2191
2022-07-12,360.9961
2022-07-13,359.1003
2022-07-14,358.2281
2022-07-15,365.0721
2022-07-18,362.0577
2022-07-19,371.8403
2022-07-20,374.2101
2022-07-21,378.0207
2022-07-22,374.5134
2022-07-25,374.9684
2022-07-26,370.5322
2022-07-27,380.1535
2022-07-28,384.9215
2022-07-29,390.5333
2022-08-01,389.3768
2022-08-02,386.808
2022-08-03,392.8651
2022-08-04,392.5998
2022-08-05,391.9362
2022-08-08,391.4812
2022-08-09,389.9266
2022-08-10,398.1166
2022-08-11,398.1166
2022-08-12,404.8564
2022-08-15,406.5247
2022-08-16,407.3209
2022-08-17,404.4298
2022-08-18,405.6052
2022-08-19,400.1546
2022-08-22,391.8225
2022-08-23,390.8745
2022-08-24,392.1258
2022-08-25,397.6617
2022-08-26,384.2012
2022-08-29,381.6608
2022-08-30,377.471
2022-08-31,374.5987
2022-09-01,375.7742
2022-09-02,371.8118
2022-09-06,370.409
2022-09-07,377.0633
2022-09-08,379.5279
2022-09-09,385.424
2022-09-12,389.5664
2022-09-13,372.627
2022-09-14,374.049
2022-09-15,369.8022
2022-09-16,366.981
2022-09-19,369.827
2022-09-20,365.582
2022-09-21,359.2048
2022-09-22,356.1876
2022-09-23,350.2197
2022-09-26,346.7551
2022-09-27,345.8698
2022-09-28,352.6754
2022-09-29,345.3083
2022-09-30,339.9687
2022-10-03,348.9442
2022-10-04,359.7568
2022-10-05,358.9193
2022-10-06,355.2167
2022-10-07,345.3083
2022-10-10,342.6717
2022-10-11,340.5016
2022-10-12,339.3784
2022-10-13,348.3351
2022-10-14,340.397
2022-10-17,349.1442
2022-10-18,353.2464
2022-10-19,350.7432
2022-10-20,347.8021
2022-10-21,356.2542
2022-10-24,360.6135
2022-10-25,366.3719
2022-10-26,363.6116
2022-10-27,361.67
2022-10-28,370.2744
2022-10-31,367.5997
2022-11-01,365.9912
2022-11-02,356.8062
2022-11-03,353.1323
2022-11-04,358.2149
2022-11-07,361.6414
2022-11-08,363.5927
2022-11-09,356.1019
2022-11-10,375.6712
2022-11-11,379.3071
2022-11-14,376.0804
2022-11-15,379.288
2022-11-16,376.3945
2022-11-17,375.2428
2022-11-18,376.9465
2022-11-21,375.5759
2022-11-22,380.6301
2022-11-23,383.0287
2022-11-25,382.943
2022-11-28,376.8324
2022-11-29,376.1851
2022-11-30,388.0352
2022-12-01,387.7497
2022-12-02,387.3023
2022-12-05,380.335
2022-12-06,374.8526
2022-12-07,374.2149
2022-12-08,377.1465
2022-12-09,374.3291
2022-12-12,379.7259
2022-12-13,382.6003
2022-12-14,380.1542
2022-12-15,370.8549
2022-12-16,366.4766
2022-12-19,363.369
2022-12-20,363.8662
2022-12-21,369.3069
2022-12-22,364.0384
2022-12-23,366.1324
2022-12-27,364.6885
2022-12-28,360.1563
2022-12-29,366.6392
2022-12-30,365.6734
2023-01-03,364.134
2023-01-04,366.9451
2023-01-05,362.757
2023-01-06,371.0758
2023-01-09,370.8654
2023-01-10,373.4662
2023-01-11,378.1898
2023-01-12,379.5667
2023-01-13,381.0393
2023-01-17,380.3413
2023-01-18,374.3365
2023-01-19,371.6113
2023-01-20,378.5341
2023-01-23,383.076
2023-01-24,382.6649
2023-01-25,382.8082
2023-01-26,387.0154
2023-01-27,387.9047
2023-01-30,383.0377
2023-01-31,388.6697
2023-02-01,392.8004
2023-02-02,398.5183
2023-02-03,394.2824
2023-02-06,391.8728
2023-02-07,396.998
2023-02-08,392.6569
2023-02-09,389.253
2023-02-10,390.1613
2023-02-13,394.7414
2023-02-14,394.5598
2023-02-15,395.8411
2023-02-16,390.3908
2023-02-17,389.4155
2023-02-21,381.6034
2023-02-22,381.0776
2023-02-23,383.1046
2023-02-24,379.0122
2023-02-27,380.303
2023-02-28,378.8974
2023-03-01,377.4441
2023-03-02,380.3795
2023-03-03,386.4799
2023-03-06,386.7477
2023-03-07,380.8194
2023-03-08,381.4409
2023-03-09,374.4034
2023-03-10,369.0009
2023-03-13,368.475
2023-03-14,374.5659
2023-03-15,372.2232
2023-03-16,378.754
2023-03-17,374.3253
2023-03-20,377.9247
2023-03-21,382.887
2023-03-22,376.3602
2023-03-23,377.3777
2023-03-24,379.854
2023-03-27,380.5643
2023-03-28,379.71
2023-03-29,385.2291
2023-03-30,387.4846
2023-03-31,392.9462
2023-04-03,394.4434
2023-04-04,392.255
2023-04-05,391.228
2023-04-06,392.7542
2023-04-10,393.1573
2023-04-11,393.2628
2023-04-12,391.6599
2023-04-13,396.8623
2023-04-14,395.8928
2023-04-17,397.3134
2023-04-18,397.5725
2023-04-19,397.5053
2023-04-20,395.336
2023-04-21,395.6433
2023-04-24,396.056
2023-04-25,389.7691
2023-04-26,388.1181
2023-04-27,395.8448
2023-04-28,399.2234
2023-05-01,398.8203
2023-05-02,394.3379
2023-05-03,391.6311
2023-05-04,388.8572
2023-05-05,396.056
2023-05-08,396.1615
2023-05-09,394.4242
2023-05-10,396.2672
2023-05-11,395.576
2023-05-12,395.0577
2023-05-15,396.4207
2023-05-16,393.7715
2023-05-17,398.5516
2023-05-18,402.3909
2023-05-19,401.8054
2023-05-22,401.9686
2023-05-23,397.4573
2023-05-24,394.5778
2023-05-25,397.9948
2023-05-26,403.1491
2023-05-30,403.3027
2023-05-31,401.0663
2023-06-01,404.8768
2023-06-02,410.7318
2023-06-05,409.9448
2023-06-06,410.8374
2023-06-07,409.4168
2023-06-08,411.8932
2023-06-09,412.6323
2023-06-12,416.3757
2023-06-13,419.1208
2023-06-14,419.6198
2023-06-15,424.8221
2023-06-16,423.3751
2023-06-20,421.1786
2023-06-21,419.0206
2023-06-22,420.5331
2023-06-23,417.3539
2023-06-26,415.6487
2023-06-27,420.2056
2023-06-28,420.4175
2023-06-29,422.0745
2023-06-30,427.0553
2023-07-03,427.5467
2023-07-05,426.9109
2023-07-06,423.5678
2023-07-07,422.4984
2023-07-10,423.5678
2023-07-11,426.2654
2023-07-12,429.695
2023-07-13,433.1055
2023-07-14,432.8357
2023-07-17,434.3387
2023-07-18,437.566
2023-07-19,438.539
2023-07-20,435.6296
2023-07-21,435.6296
2023-07-24,437.5757
2023-07-25,438.7702
2023-07-26,438.8377
2023-07-27,435.9282
2023-07-28,440.1961
2023-07-31,441.0343
2023-08-01,439.7722
2023-08-02,433.6546
2023-08-03,432.4118
2023-08-04,430.4561
2023-08-07,434.2133
2023-08-08,432.3251
2023-08-09,429.4349
2023-08-10,429.5891
2023-08-11,429.3385
2023-08-14,431.7086
2023-08-15,426.6796
2023-08-16,423.5486
2023-08-17,420.3212
2023-08-18,420.5234
2023-08-21,423.2596
2023-08-22,422.1131
2023-08-23,426.8145
2023-08-24,420.8993
2023-08-25,423.8665
2023-08-28,426.5544
2023-08-29,432.7201
2023-08-30,434.5024
2023-08-31,433.8666
2023-09-01,434.6758
2023-09-05,432.7972
2023-09-06,429.8877
2023-09-07,428.5679
2023-09-08,429.2134
2023-09-11,432.0362
2023-09-12,429.6661
2023-09-13,430.1671
2023-09-14,433.8762
2023-09-15,428.6487
2023-09-18,428.9001
2023-09-19,428.0106
2023-09-20,424.0758
2023-09-21,417.0665
2023-09-22,416.1287
2023-09-25,417.8786
2023-09-26,411.7394
2023-09-27,411.9038
2023-09-28,414.2918
2023-09-29,413.2863
2023-10-02,413.1219
2023-10-03,407.5919
2023-10-04,410.5599
2023-10-05,410.4052
2023-10-06,415.2779
2023-10-09,417.9366
2023-10-10,420.1119
2023-10-11,421.8328
2023-10-12,419.2611
2023-10-13,417.1728
2023-10-16,421.5621
2023-10-17,421.5427
2023-10-18,415.9256
2023-10-19,412.2712
2023-10-20,407.2052
2023-10-23,406.4994
2023-10-24,409.5641
2023-10-25,403.686
2023-10-26,398.852
2023-10-27,397.044
2023-10-30,401.7911
2023-10-31,404.3145
2023-11-01,408.6264
2023-11-02,416.4574
2023-11-03,420.2569
2023-11-06,421.2237
2023-11-07,422.4225
2023-11-08,422.7319
2023-11-09,419.4351
2023-11-10,425.9803
2023-11-13,425.5743
2023-11-14,433.8308
2023-11-15,434.7492
2023-11-16,435.2809
2023-11-17,435.8224
2023-11-20,439.1772
2023-11-21,438.22
2023-11-22,439.9119
2023-11-24,440.1826
2023-11-27,439.3899
2023-11-28,439.8249
2023-11-29,439.5155
2023-11-30,441.2461
2023-12-01,443.8564
2023-12-04,441.5265
2023-12-05,441.4394
2023-12-06,439.6605
2023-12-07,443.0153
2023-12-08,444.9199
2023-12-11,446.6505
2023-12-12,448.6905
2023-12-13,454.8779
2023-12-14,456.3378
2023-12-15,455.5864
2023-12-18,458.1492
2023-12-19,460.9351
2023-12-20,454.5478
2023-12-21,458.8578
2023-12-22,459.7799
2023-12-26,461.7213
2023-12-27,462.5562
2023-12-28,462.7309
2023-12-29,461.3913
2024-01-02,458.8092
2024-01-03,455.0623
2024-01-04,453.5964
2024-01-05,454.2178
2024-01-08,460.7021
2024-01-09,460.0032
2024-01-10,462.6047
2024-01-11,462.4008
2024-01-12,462.7212
2024-01-16,461.0224
2024-01-17,458.4598
2024-01-18,462.5368
2024-01-19,468.3028
2024-01-22,469.293
2024-01-23,470.6616
2024-01-24,471.1762
2024-01-25,473.7389
2024-01-26,473.137
2024-01-29,476.8839
2024-01-30,476.5151
2024-01-31,468.7397
2024-02-01,474.8746
2024-02-02,479.8738
2024-02-05,478.1264
2024-02-06,479.5146
2024-02-07,483.5139
2024-02-08,483.7275
2024-02-09,486.5232
2024-02-12,486.3096
2024-02-13,479.6117
2024-02-14,483.9702
2024-02-15,487.3095
2024-02-16,484.8827
2024-02-20,482.2132
2024-02-21,482.65
2024-02-22,492.6388
2024-02-23,492.9785
2024-02-26,491.1729
2024-02-27,492.0854
2024-02-28,491.435
2024-02-29,493.2017
2024-03-01,497.832
2024-03-04,497.2982
2024-03-05,492.3281
2024-03-06,494.8228
2024-03-07,499.7346
2024-03-08,496.7351
2024-03-11,496.308
2024-03-12,501.6469
2024-03-13,500.8606
2024-03-14,499.8705
2024-03-15,496.4381
2024-03-18,499.3885
2024-03-19,502.1637
2024-03-20,506.8084
2024-03-21,508.4832
2024-03-22,507.5192
2024-03-25,506.117
2024-03-26,505.1823
2024-03-27,509.4278
2024-03-28,509.3304
2024-04-01,508.4441
2024-04-02,505.2115
2024-04-03,505.7664
2024-04-04,499.5931
2024-04-05,504.8122
2024-04-08,505.0945
2024-04-09,505.6788
2024-04-10,500.6155
2024-04-11,504.3936
2024-04-12,497.4313
2024-04-15,491.1995
2024-04-16,490.3036
2024-04-17,487.4019
2024-04-18,486.3989
2024-04-19,482.1535
2024-04-22,486.5937
2024-04-23,492.3679
2024-04-24,492.1342
2024-04-25,490.2647
2024-04-26,494.9094
2024-04-29,496.662
2024-04-30,488.7943
2024-05-01,487.2072
2024-05-02,491.7642
2024-05-03,497.8598
2024-05-06,503.0011
2024-05-07,503.5562
2024-05-08,503.6048
2024-05-09,506.5065
2024-05-10,507.159
2024-05-13,507.2271
2024-05-14,509.5543
2024-05-15,515.8641
2024-05-16,514.8027
2024-05-17,515.5428
2024-05-20,516.1368
2024-05-21,517.4026
2024-05-22,515.9128
2024-05-23,512.1445
2024-05-24,515.5331
2024-05-28,515.8933
2024-05-29,512.2807
2024-05-30,508.8825
2024-05-31,513.5175
2024-06-03,513.9362
2024-06-04,514.5107
2024-06-05,520.6257
2024-06-06,520.6159
2024-06-07,519.983
2024-06-10,521.5896
2024-06-11,522.8458
2024-06-12,527.1398
2024-06-13,528.2012
2024-06-14,528.5226
2024-06-17,532.7292
2024-06-18,534.0826
2024-06-20,532.6318
2024-06-21,531.9177
2024-06-24,530.1885
2024-06-25,532.2303
2024-06-26,532.8946
2024-06-27,533.7347
2024-06-28,531.6345
2024-07-01,532.7285
2024-07-02,536.3137
2024-07-03,538.7069
2024-07-05,541.8135
2024-07-08,542.4386
2024-07-09,542.9661
2024-07-10,548.3389
2024-07-11,543.6109
2024-07-12,547.0397
2024-07-15,548.5442
2024-07-16,551.797
2024-07-17,544.0602
2024-07-18,539.8791
2024-07-19,536.2941
2024-07-22,541.8232
2024-07-23,540.9734
2024-07-24,528.7135
2024-07-25,525.9587
2024-07-26,531.8493
2024-07-29,532.162
2024-07-30,529.4658
2024-07-31,538.072
2024-08-01,530.4523
2024-08-02,520.5762
2024-08-05,505.4151
2024-08-06,510.0749
2024-08-07,506.6655
2024-08-08,518.3782
2024-08-09,520.6641
2024-08-12,520.9377
2024-08-13,529.5048
2024-08-14,531.1752
2024-08-15,540.2798
2024-08-16,541.4911
2024-08-19,546.6685
2024-08-20,545.7796
2024-08-21,547.6551
2024-08-22,543.3568
2024-08-23,549.1302
2024-08-26,547.8212
2024-08-27,548.5734
2024-08-28,545.3888
2024-08-29,545.4376
2024-08-30,550.6443
2024-09-03,539.3126
2024-09-04,538.2089
2024-09-05,536.8998
2024-09-06,527.8636
2024-09-09,533.7737
2024-09-10,536.0987
2024-09-11,541.5986
2024-09-12,546.1605
2024-09-13,549.013
2024-09-16,549.8238
2024-09-17,550.0485
2024-09-18,548.4172
2024-09-19,557.7756
2024-09-20,556.8113
2024-09-23,558.2027
2024-09-24,559.7999
2024-09-25,558.5652
2024-09-26,560.7798
2024-09-27,559.9665
2024-09-30,562.2104
2024-10-01,557.1739
2024-10-02,557.4091
2024-10-03,556.39
2024-10-04,561.4461
2024-10-07,556.3704
2024-10-08,561.6322
2024-10-09,565.5224
2024-10-10,564.5327
2024-10-11,567.9133
2024-10-14,572.5579
2024-10-15,568.1093
2024-10-16,570.5785
2024-10-17,570.6275
2024-10-18,572.8224
2024-10-21,571.8817
2024-10-22,571.5779
2024-10-23,566.3552
2024-10-24,567.5801
2024-10-25,567.3842
2024-10-28,569.1381
2024-10-29,570.0592
2024-10-30,568.3346
2024-10-31,557.1935
2024-11-01,559.5452
2024-11-04,558.34
2024-11-05,565.0912
2024-11-06,579.1426
2024-11-07,583.6205
2024-11-08,586.1487
2024-11-11,586.7072
2024-11-12,584.8846
2024-11-13,585.1688
2024-11-14,581.4061
2024-11-15,573.959
2024-11-18,576.3109
2024-11-19,578.4174
2024-11-20,578.6135
2024-11-21,581.7196
2024-11-22,583.5226
2024-11-25,585.502
2024-11-26,588.5592
2024-11-27,586.7758
2024-11-29,590.4208
2024-12-02,591.4792
2024-12-03,591.7535
2024-12-04,595.4279
2024-12-05,594.4481
2024-12-06,595.5751
2024-12-09,592.508
2024-12-10,590.6658
2024-12-11,595.2321
2024-12-12,592.1651
2024-12-13,592.0475
2024-12-16,594.5754
2024-12-17,592.1259
2024-12-18,574.4784
2024-12-19,574.3019
2024-12-20,581.2
2024-12-23,584.6804
2024-12-24,591.1791
2024-12-26,591.2185
2024-12-27,584.9949
2024-12-30,578.3192
2024-12-31,576.2153
2025-01-02,574.7995
2025-01-03,581.9865
2025-01-06,585.339
2025-01-07,578.7223
2025-01-08,579.5679
2025-01-10,570.7193
2025-01-13,571.6042
2025-01-14,572.3907
2025-01-15,582.8026
2025-01-16,581.6817
2025-01-17,587.5217
2025-01-21,592.8996
2025-01-22,596.2325
2025-01-23,599.4868
2025-01-24,597.7368
2025-01-27,589.2816
2025-01-28,594.3449
2025-01-29,591.6805
2025-01-30,594.8561
2025-01-31,591.6903
2025-02-03,587.7085
2025-02-04,591.651
2025-02-05,594.0499
2025-02-06,596.1147
2025-02-07,590.6581
2025-02-10,594.6694
2025-02-11,595.1216
2025-02-12,593.2044
2025-02-13,599.4672
2025-02-14,599.4377
2025-02-18,601.1976
2025-02-19,602.6133
2025-02-20,600.1063
2025-02-21,589.842
2025-02-24,587.158
2025-02-25,584.2379
2025-02-26,584.5328
2025-02-27,575.2026
2025-02-28,584.1789
2025-03-03,573.9441
2025-03-04,567.1505
2025-03-05,573.2461
2025-03-06,563.0703
2025-03-07,566.2263
2025-03-10,551.1445
2025-03-11,546.5629
2025-03-12,549.4633
2025-03-13,542.1386
2025-03-14,553.337
2025-03-17,557.604
2025-03-18,551.5771
2025-03-19,557.5842
2025-03-20,555.9719
2025-03-21,556.1553
2025-03-24,566.1152
2025-03-25,567.476
2025-03-26,560.7014
2025-03-27,559.2123
2025-03-28,547.9507
2025-03-31,551.629
2025-04-01,553.1871
2025-04-02,556.6879
2025-04-03,529.2538
2025-04-04,498.2697
2025-04-07,497.3822
2025-04-08,489.5918
2025-04-09,541.0084
2025-04-10,517.3019
2025-04-11,526.532
2025-04-14,531.6402
2025-04-15,530.1511
2025-04-16,518.3669
2025-04-17,519.1065
2025-04-21,506.7504
2025-04-22,519.9349
2025-04-23,527.9915
2025-04-24,539.1052
2025-04-25,543.0004
2025-04-28,543.2075
2025-04-29,546.6293
2025-04-30,546.8462
2025-05-01,550.7217
2025-05-02,558.8967
2025-05-05,555.6918
2025-05-06,551.0472
2025-05-07,553.3646
2025-05-08,557.2203
2025-05-09,556.5103
2025-05-12,574.9016
2025-05-13,578.6981
2025-05-14,579.4377
2025-05-15,582.2679
2025-05-16,585.9559
2025-05-19,586.5969
2025-05-20,584.6248
2025-05-21,574.7733
2025-05-22,575.0002
2025-05-23,571.0753
2025-05-27,582.9484
2025-05-28,579.5758
2025-05-29,581.8635
2025-05-30,581.2128
2025-06-02,584.4867
2025-06-03,587.8198
2025-06-04,587.662
2025-06-05,584.822
2025-06-06,590.8275
2025-06-09,591.3599
2025-06-10,594.7128
2025-06-11,593.0167
2025-06-12,595.3735
2025-06-13,588.7171
2025-06-16,594.3184
2025-06-17,589.2399
2025-06-18,589.1511
2025-06-20,587.7675
2025-06-23,593.5731
2025-06-24,600.1304
2025-06-25,600.4667
2025-06-26,605.1646
2025-06-27,608.1713
2025-06-30,611.079
2025-07-01,610.8813
2025-07-02,613.6506
2025-07-03,618.4871
2025-07-07,613.878
2025-07-08,613.5418
2025-07-09,617.221
2025-07-10,618.9617
2025-07-11,616.7859
2025-07-14,617.9628
2025-07-15,615.3221
2025-07-16,617.3792
2025-07-17,621.1574
2025-07-18,620.7025
2025-07-21,621.8794
2025-07-22,621.9684
2025-07-23,627.2598
2025-07-24,627.4675
2025-07-25,630.1181
2025-07-28,629.9599
2025-07-29,628.2983
2025-07-30,627.5071
2025-07-31,625.1531
2025-08-01,614.9066
2025-08-04,624.2531
2025-08-05,621.0881
2025-08-06,625.8455
2025-08-07,625.3213
2025-08-08,630.1972
2025-08-11,628.951
2025-08-12,635.6469
2025-08-13,637.8228
2025-08-14,637.8821
2025-08-15,636.3886
2025-08-18,636.2502
2025-08-19,632.7984
2025-08-20,631.117
2025-08-21,628.5851
2025-08-22,638.2382
2025-08-25,635.4293
2025-08-26,638.0898
2025-08-27,639.5436
2025-08-28,641.8085
2025-08-29,637.981
2025-09-02,633.2534
2025-09-03,636.6853
2025-09-04,642.0064
2025-09-05,640.147
2025-09-08,641.7196
2025-09-09,643.2031
2025-09-10,645.0625
2025-09-11,650.4232
2025-09-12,650.2054
2025-09-15,653.6671
2025-09-16,652.7672
2025-09-17,651.9562
2025-09-18,655.0023
2025-09-19,658.2465
2025-09-22,661.3607
2025-09-23,657.7606
2025-09-24,655.6678
2025-09-25,652.6429
2025-09-26,656.382
2025-09-29,658.2267
2025-09-30,660.7061
2025-10-01,662.9575
2025-10-02,663.7211
2025-10-03,663.7112
2025-10-06,666.0915
2025-10-07,663.6219
2025-10-08,667.5792
2025-10-09,665.6452
2025-10-10,647.6542
2025-10-13,657.5919
2025-10-14,656.7886
2025-10-15,659.7045
2025-10-16,655.2117
2025-10-17,658.9308
2025-10-20,665.7841
2025-10-21,665.774
2025-10-22,662.3128
2025-10-23,666.2403
2025-10-24,671.6852
2025-10-27,679.6095
2025-10-28,681.4146
2025-10-29,681.7418
2025-10-30,674.244
2025-10-31,676.4556
2025-11-03,677.7252
2025-11-04,669.6917
2025-11-05,672.0125
2025-11-06,664.8022
2025-11-07,665.4567
2025-11-10,675.8408
2025-11-11,677.3879
2025-11-12,677.7648
2025-11-13,666.5179
2025-11-14,666.4089
2025-11-17,660.2003
2025-11-18,654.6563
2025-11-19,657.1854
2025-11-20,647.1683
2025-11-21,653.6149
2025-11-24,663.2351
2025-11-25,669.4734
2025-11-26,674.0952
2025-11-28,677.7747
2025-12-01,674.6804
2025-12-02,675.9301
2025-12-03,678.2706
2025-12-04,678.7665
2025-12-05,680.0558
2025-12-08,678.0128
2025-12-09,677.4275
2025-12-10,681.9204
2025-12-11,683.5072
2025-12-12,676.1581
2025-12-15,675.1365
2025-12-16,673.2919
2025-12-17,665.8832
2025-12-18,670.9115
2025-12-19,676.9923
2025-12-22,681.2099
2025-12-23,684.3233
2025-12-24,686.7305
2025-12-26,686.6609
2025-12-29,684.2139
2025-12-30,683.3784
2025-12-31,678.3152
2026-01-02,679.5586
2026-01-05,684.0845
2026-01-06,688.153
2026-01-07,685.9348
2026-01-08,685.8651
2026-01-09,690.401
2026-01-12,691.4852
2026-01-13,690.1026
2026-01-14,686.7106
2026-01-15,688.5807
2026-01-16,688.0037
2026-01-20,673.9982
2026-01-21,681.7769
2026-01-22,685.338
2026-01-23,685.5865
2026-01-26,689.0681
2026-01-27,691.8135
2026-01-28,691.7438
2026-01-29,690.3712
2026-01-30,688.3121
2026-02-02,691.7339
2026-02-03,685.885
2026-02-04,682.5627
2026-02-05,674.038
2026-02-06,686.9692
2026-02-09,690.2817
2026-02-10,688.4613
2026-02-11,688.3022
2026-02-12,677.6687
2026-02-13,678.1461
2026-02-17,679.2403
2026-02-18,682.6621
2026-02-19,680.8616
2026-02-20,685.7856
2026-02-23,678.7828
2026-02-24,683.7165
2026-02-25,689.4859
2026-02-26,685.6562
2026-02-27,682.3637
2026-03-02,682.7517
2026-03-03,676.7337
2026-03-04,681.5082
2026-03-05,677.7085
2026-03-06,668.8257
2026-03-09,674.6846
2026-03-10,673.6003
2026-03-11,672.7548
2026-03-12,662.5391
2026-03-13,658.789
2026-03-16,665.4934
2026-03-17,667.244
2026-03-18,657.9335
2026-03-19,656.3122
2026-03-20,646.9034
2026-03-23,653.6959
2026-03-24,651.5016
2026-03-25,655.1322
2026-03-26,643.4324
2026-03-27,632.4606
2026-03-30,630.3461
2026-03-31,648.6689
2026-04-01,653.5563
2026-04-02,654.1448
2026-04-06,657.2368
2026-04-07,657.526
2026-04-08,674.2729
2026-04-09,678.1628
2026-04-10,677.7141
2026-04-13,684.337
2026-04-14,692.6755
2026-04-15,698.1414
2026-04-16,699.857
2026-04-17,708.3152
2026-04-20,706.8988
2026-04-21,702.2708
2026-04-22,709.3825
2026-04-23,706.6296
2026-04-24,712.1055
2026-04-27,713.3323
2026-04-28,709.8612
2026-04-29,709.7515
2026-04-30,716.8133
2026-05-01,718.7982
2026-05-04,716.165
2026-05-05,721.9102
2026-05-06,731.9443
2026-05-07,729.7001
2026-05-08,735.7246
2026-05-11,737.4003
2026-05-12,736.2831
2026-05-13,740.4025
2026-05-14,746.2475
2026-05-15,737.2706
2026-05-18,736.752
2026-05-19,731.8446
2026-05-20,739.3453
2026-05-21,740.8115
2026-05-22,743.724
2026-05-26,748.6613
2026-05-27,748.5316
2026-05-28,752.6609
2026-05-29,754.5361
2026-06-01,756.5908
2026-06-02,757.6182
2026-06-03,752.3019
2026-06-04,755.1446
2026-06-05,735.6548
2026-06-08,737.3204
2026-06-09,735.1561
2026-06-10,723.5659
2026-06-11,735.8643
2026-06-12,739.844
2026-06-15,752.8904
2026-06-16,748.402
2026-06-17,739.056
2026-06-18,746.74
2026-06-22,744.39
2026-06-23,733.58
2026-06-24,733.24
2026-06-25,734.3
2026-06-26,728.99
2026-06-29,741.0
2026-06-30,746.77
2026-07-01,745.76
